seqnum,sex,province,age,DEP_TOTAL
1,ชาย,กรุงเทพมหานคร,168,1043.83
2,หญิง,สมุทรสาคร,37,13159.08
3,หญิง,บุรีรัมย์,57,31476.22
4,หญิง,บุรีรัมย์,73,90.38
5,หญิง,บุรีรัมย์,50,14185.05
6,หญิง,บุรีรัมย์,72,12999.6
7,ชาย,บุรีรัมย์,51,1275.61
8,ชาย,บุรีรัมย์,55,39.93
9,หญิง,บุรีรัมย์,44,88407.31
10,ชาย,บุรีรัมย์,56,313.99
11,ชาย,นครปฐม,60,224.65
12,หญิง,บุรีรัมย์,64,3124.21
13,หญิง,บุรีรัมย์,63,36032.94
14,หญิง,บุรีรัมย์,57,236.36
15,หญิง,บุรีรัมย์,56,204.61
16,หญิง,บุรีรัมย์,61,1680.43
17,ชาย,บุรีรัมย์,63,2769.72
18,ชาย,บุรีรัมย์,75,857.48
19,หญิง,บุรีรัมย์,59,20926.27
20,หญิง,บุรีรัมย์,61,124.04
21,หญิง,บุรีรัมย์,57,5107.07
22,ชาย,บุรีรัมย์,73,138.4
23,ชาย,บุรีรัมย์,51,21755.11
24,หญิง,บุรีรัมย์,47,3227.37
25,หญิง,บุรีรัมย์,70,8956.06
26,ชาย,บุรีรัมย์,62,7950.45
27,ชาย,บุรีรัมย์,62,4662.72
28,ชาย,จันทบุรี,63,2719.64
29,ชาย,บุรีรัมย์,56,82.31
30,ชาย,บุรีรัมย์,71,44.74
31,หญิง,บุรีรัมย์,60,1031133.04
32,ชาย,บุรีรัมย์,54,110.39
33,ชาย,บุรีรัมย์,63,0
34,ชาย,บุรีรัมย์,63,3969.09
35,ชาย,บุรีรัมย์,50,20566.53
36,หญิง,บุรีรัมย์,50,10003.11
37,ชาย,บุรีรัมย์,75,55.45
38,หญิง,บุรีรัมย์,54,92.32
39,ชาย,บุรีรัมย์,57,136.36
40,ชาย,บุรีรัมย์,55,0
41,หญิง,บุรีรัมย์,51,36849.76
42,หญิง,บุรีรัมย์,49,2014.81
43,หญิง,บุรีรัมย์,64,0
44,หญิง,บุรีรัมย์,46,3511.54
45,ชาย,บุรีรัมย์,53,20659.57
46,ชาย,บุรีรัมย์,59,10037.68
47,ชาย,บุรีรัมย์,50,2101.09
48,ชาย,บุรีรัมย์,48,7.15
49,หญิง,บุรีรัมย์,56,83.83
50,ชาย,บุรีรัมย์,58,717.97
51,ชาย,บุรีรัมย์,52,33642.89
52,หญิง,บุรีรัมย์,63,9.81
53,ชาย,บุรีรัมย์,86,183314.11
54,ชาย,ยโสธร,66,873.22
55,หญิง,บุรีรัมย์,53,10875.78
56,หญิง,บุรีรัมย์,49,101905.51
57,ชาย,บุรีรัมย์,76,36041.77
58,หญิง,บุรีรัมย์,77,1501.55
59,ชาย,บุรีรัมย์,60,22462.27
60,ชาย,กาฬสินธุ์,84,536.9
61,ชาย,บุรีรัมย์,68,22995.92
62,หญิง,บุรีรัมย์,65,0
63,หญิง,บุรีรัมย์,62,5556.4
64,หญิง,บุรีรัมย์,78,38481.24
65,หญิง,บุรีรัมย์,51,0
66,ชาย,บุรีรัมย์,48,12210.04
67,ชาย,กาฬสินธุ์,86,0
68,หญิง,บุรีรัมย์,48,5223.67
69,หญิง,บุรีรัมย์,57,3465.38
70,หญิง,บุรีรัมย์,48,3680.46
71,หญิง,บุรีรัมย์,77,170207.42
72,หญิง,บุรีรัมย์,65,11618.63
73,หญิง,บุรีรัมย์,61,153720.71
74,หญิง,บุรีรัมย์,63,40315.21
75,หญิง,บุรีรัมย์,58,1229
76,ชาย,บุรีรัมย์,53,11069.45
77,หญิง,บุรีรัมย์,51,5568.88
78,ชาย,บุรีรัมย์,67,5573.38
79,หญิง,บุรีรัมย์,72,1076.21
80,ชาย,บุรีรัมย์,70,22062.53
81,ชาย,บุรีรัมย์,55,44841.76
82,ชาย,บุรีรัมย์,49,6410.9
83,หญิง,บุรีรัมย์,64,6675.7
84,ชาย,บุรีรัมย์,68,10161.15
85,ชาย,กาฬสินธุ์,86,717.65
86,หญิง,บุรีรัมย์,56,1545.76
87,หญิง,บุรีรัมย์,73,104.79
88,ชาย,บุรีรัมย์,49,201.48
89,ชาย,บุรีรัมย์,63,286.62
90,หญิง,บุรีรัมย์,79,686.75
91,หญิง,บุรีรัมย์,74,24.46
92,หญิง,บุรีรัมย์,69,7.72
93,หญิง,บุรีรัมย์,78,11520.23
94,หญิง,บุรีรัมย์,59,24766.95
95,หญิง,บุรีรัมย์,74,70.08
96,หญิง,บุรีรัมย์,49,382402.61
97,หญิง,บุรีรัมย์,71,5161.24
98,ชาย,บุรีรัมย์,50,0
99,หญิง,บุรีรัมย์,78,503.22
100,ชาย,บุรีรัมย์,84,2273.51
101,ชาย,บุรีรัมย์,55,712.22
102,หญิง,บุรีรัมย์,41,39898.38
103,ชาย,บุรีรัมย์,61,3019.92
104,ชาย,บุรีรัมย์,77,147.99
105,หญิง,บุรีรัมย์,40,668.68
106,ชาย,บุรีรัมย์,49,65.68
107,ชาย,บุรีรัมย์,73,182
108,หญิง,บุรีรัมย์,57,35698.07
109,หญิง,จันทบุรี,44,111.4
110,หญิง,บุรีรัมย์,60,57920.74
111,หญิง,บุรีรัมย์,78,3571.72
112,หญิง,บุรีรัมย์,56,5640.16
113,หญิง,บุรีรัมย์,75,2016.48
114,หญิง,บุรีรัมย์,66,138.83
115,หญิง,บุรีรัมย์,60,238.29
116,หญิง,บุรีรัมย์,80,0
117,หญิง,บุรีรัมย์,72,32.79
118,หญิง,บุรีรัมย์,50,42039.77
119,ชาย,บุรีรัมย์,63,3119.39
120,ชาย,บุรีรัมย์,71,826.14
121,ชาย,บุรีรัมย์,59,8718.38
122,หญิง,บุรีรัมย์,51,61.49
123,หญิง,บุรีรัมย์,79,56031.09
124,ชาย,บุรีรัมย์,59,2118.41
125,ชาย,บุรีรัมย์,67,505.16
126,หญิง,บุรีรัมย์,50,50.39
127,ชาย,บุรีรัมย์,71,506.09
128,หญิง,บุรีรัมย์,66,352.52
129,หญิง,พระนครศรีอยุธยา,64,2164.23
130,หญิง,บุรีรัมย์,70,10264.7
131,ชาย,บุรีรัมย์,74,4739.85
132,หญิง,บุรีรัมย์,44,1969.72
133,หญิง,บุรีรัมย์,66,110744.45
134,หญิง,บุรีรัมย์,51,9083.41
135,หญิง,ฉะเชิงเทรา,64,139.45
136,หญิง,บุรีรัมย์,69,12166.22
137,ชาย,บุรีรัมย์,88,69819.64
138,หญิง,บุรีรัมย์,49,67329.58
139,ชาย,บุรีรัมย์,69,35149.39
140,ชาย,กาฬสินธุ์,84,5631.06
141,ชาย,บุรีรัมย์,63,27940.47
142,หญิง,บุรีรัมย์,58,13226.05
143,ชาย,บุรีรัมย์,86,5000.62
144,หญิง,บุรีรัมย์,77,4628.39
145,ชาย,บุรีรัมย์,84,1899.07
146,ชาย,บุรีรัมย์,54,10676.43
147,ชาย,บุรีรัมย์,74,1051.63
148,ชาย,บุรีรัมย์,41,0
149,ชาย,บุรีรัมย์,69,42.54
150,ชาย,บุรีรัมย์,69,8532.08
151,หญิง,บุรีรัมย์,58,2044.93
152,หญิง,บุรีรัมย์,76,25.16
153,หญิง,บุรีรัมย์,55,223.06
154,หญิง,บุรีรัมย์,59,2008.48
155,ชาย,บุรีรัมย์,78,20697.59
156,ชาย,อุดรธานี,69,1509.68
157,ชาย,บุรีรัมย์,48,0
158,หญิง,บุรีรัมย์,55,19224.21
159,ชาย,บุรีรัมย์,57,53727.87
160,หญิง,บุรีรัมย์,56,79.72
161,หญิง,บุรีรัมย์,83,43.11
162,ชาย,บุรีรัมย์,81,15.77
163,ชาย,บุรีรัมย์,89,14080.33
164,ชาย,บุรีรัมย์,79,11124.81
165,หญิง,บุรีรัมย์,66,11163.38
166,หญิง,บุรีรัมย์,74,27847.9
167,หญิง,บุรีรัมย์,59,421.68
168,หญิง,บุรีรัมย์,51,2373.52
169,หญิง,บุรีรัมย์,69,841.25
170,หญิง,บุรีรัมย์,54,28446.82
171,หญิง,บุรีรัมย์,78,1269.64
172,หญิง,บุรีรัมย์,77,122.16
173,หญิง,บุรีรัมย์,58,2407.77
174,หญิง,บุรีรัมย์,52,233361.7
175,หญิง,บุรีรัมย์,60,3937.04
176,หญิง,บุรีรัมย์,65,1774.17
177,ชาย,บุรีรัมย์,73,3000
178,ชาย,บุรีรัมย์,67,70.81
179,หญิง,บุรีรัมย์,56,0
180,ชาย,บุรีรัมย์,69,72.41
181,ชาย,บุรีรัมย์,69,598.51
182,ชาย,บุรีรัมย์,60,20035.5
183,หญิง,พระนครศรีอยุธยา,73,752.36
184,ชาย,บุรีรัมย์,52,22126.95
185,หญิง,บุรีรัมย์,52,671.25
186,ชาย,บุรีรัมย์,60,3001.1
187,หญิง,บุรีรัมย์,82,11625.92
188,หญิง,บุรีรัมย์,78,758.21
189,ชาย,บุรีรัมย์,50,532.74
190,หญิง,บุรีรัมย์,67,88.06
191,หญิง,บุรีรัมย์,68,33821.66
192,ชาย,บุรีรัมย์,63,21553.42
193,หญิง,บุรีรัมย์,55,130126.61
194,หญิง,บุรีรัมย์,79,98875.66
195,หญิง,นครพนม,53,72151.04
196,หญิง,บุรีรัมย์,50,28.31
197,ชาย,บุรีรัมย์,59,50423.05
198,หญิง,บุรีรัมย์,58,1859.39
199,หญิง,บุรีรัมย์,44,41.19
200,ชาย,บุรีรัมย์,66,28040.3
201,ชาย,บุรีรัมย์,53,1148466.04
202,ชาย,บุรีรัมย์,59,13816.88
203,หญิง,บุรีรัมย์,66,11083.61
204,ชาย,บุรีรัมย์,56,53902.46
205,หญิง,บุรีรัมย์,69,461.7
206,ชาย,บุรีรัมย์,76,4596.26
207,ชาย,บุรีรัมย์,51,121.16
208,หญิง,ฉะเชิงเทรา,50,392893.53
209,หญิง,บุรีรัมย์,55,14366.52
210,ชาย,บุรีรัมย์,53,20600.86
211,หญิง,บุรีรัมย์,56,34574.09
212,ชาย,บุรีรัมย์,48,2551.84
213,ชาย,บุรีรัมย์,67,3588.73
214,หญิง,บุรีรัมย์,66,33582.77
215,หญิง,บุรีรัมย์,47,3389.38
216,หญิง,บุรีรัมย์,49,200.69
217,ชาย,บุรีรัมย์,60,13734.3
218,ชาย,บุรีรัมย์,60,9704.94
219,ชาย,บุรีรัมย์,65,1684.95
220,ชาย,บุรีรัมย์,64,7964.93
221,หญิง,บุรีรัมย์,56,2504.27
222,ชาย,บุรีรัมย์,63,3502.84
223,หญิง,บุรีรัมย์,56,5316.51
224,ชาย,บุรีรัมย์,55,3066.94
225,ชาย,บุรีรัมย์,58,2027.33
226,ชาย,บุรีรัมย์,60,9057.09
227,ชาย,บุรีรัมย์,72,9230.05
228,ชาย,บุรีรัมย์,67,316.55
229,ชาย,บุรีรัมย์,57,296.36
230,ชาย,บุรีรัมย์,58,20398.86
231,หญิง,บุรีรัมย์,52,1001568.38
232,ชาย,บุรีรัมย์,72,1244.98
233,ชาย,บุรีรัมย์,69,14802.51
234,หญิง,บุรีรัมย์,61,5715.36
235,หญิง,บุรีรัมย์,75,7970.66
236,ชาย,กาฬสินธุ์,168,0
237,ชาย,บุรีรัมย์,50,193538.46
238,ชาย,บุรีรัมย์,77,82258.34
239,หญิง,บุรีรัมย์,54,118324.4
240,หญิง,บุรีรัมย์,63,4228.08
241,หญิง,บุรีรัมย์,80,5936.68
242,หญิง,บุรีรัมย์,69,312.91
243,หญิง,บุรีรัมย์,48,32382.29
244,ชาย,บุรีรัมย์,51,12253.38
245,ชาย,กาฬสินธุ์,87,1292.87
246,หญิง,บุรีรัมย์,51,15030.79
247,หญิง,บุรีรัมย์,62,1986.11
248,หญิง,บุรีรัมย์,51,22835.89
249,ชาย,บุรีรัมย์,57,27696.35
250,หญิง,บุรีรัมย์,56,118122.7
251,ชาย,บุรีรัมย์,47,7954.91
252,ชาย,กรุงเทพมหานคร,52,0
253,หญิง,บุรีรัมย์,73,734.85
254,ชาย,บุรีรัมย์,71,3184.48
255,ชาย,บุรีรัมย์,73,132.89
256,หญิง,บุรีรัมย์,79,1472.09
257,หญิง,บุรีรัมย์,54,2268.66
258,ชาย,บุรีรัมย์,66,5816.04
259,หญิง,บุรีรัมย์,50,19659.7
260,ชาย,บุรีรัมย์,45,5713.13
261,หญิง,บุรีรัมย์,58,11060.56
262,ชาย,บุรีรัมย์,54,2638.67
263,ชาย,บุรีรัมย์,57,13797.63
264,หญิง,บุรีรัมย์,65,273.23
265,หญิง,บุรีรัมย์,65,1171.58
266,ชาย,กาฬสินธุ์,85,11197.58
267,ชาย,บุรีรัมย์,55,27871.74
268,ชาย,บุรีรัมย์,60,61439.55
269,หญิง,บุรีรัมย์,62,42976.89
270,ชาย,บุรีรัมย์,75,1301.61
271,หญิง,บุรีรัมย์,63,316.47
272,หญิง,บุรีรัมย์,53,4924171.65
273,หญิง,บุรีรัมย์,57,9602
274,ชาย,บุรีรัมย์,47,4941.43
275,หญิง,บุรีรัมย์,57,12171.59
276,ชาย,บุรีรัมย์,49,4387.45
277,ชาย,บุรีรัมย์,54,4971.91
278,หญิง,บุรีรัมย์,65,67.46
279,ชาย,นครราชสีมา,77,0
280,ชาย,บุรีรัมย์,60,3572.58
281,หญิง,บุรีรัมย์,55,4092.43
282,หญิง,บุรีรัมย์,68,75.18
283,ชาย,บุรีรัมย์,57,10820.5
284,ชาย,กาฬสินธุ์,79,7782.78
285,ชาย,บุรีรัมย์,51,16652.59
286,ชาย,บุรีรัมย์,64,26706.37
287,หญิง,บุรีรัมย์,43,0
288,หญิง,บุรีรัมย์,49,1757.07
289,หญิง,บุรีรัมย์,52,34769.24
290,ชาย,บุรีรัมย์,63,59.54
291,ชาย,บุรีรัมย์,59,2047.39
292,ชาย,บุรีรัมย์,61,12867.07
293,หญิง,บุรีรัมย์,66,239.74
294,หญิง,บุรีรัมย์,62,238355.9
295,ชาย,บุรีรัมย์,48,28014.64
296,ชาย,บุรีรัมย์,45,57.5
297,หญิง,บุรีรัมย์,58,47559.89
298,หญิง,บุรีรัมย์,65,5662.22
299,หญิง,บุรีรัมย์,51,13719.78
300,หญิง,เพชรบูรณ์,59,785.45
301,หญิง,บุรีรัมย์,49,102.24
302,ชาย,บุรีรัมย์,80,347768.59
303,ชาย,บุรีรัมย์,39,0
304,ชาย,บุรีรัมย์,59,6181.74
305,หญิง,บุรีรัมย์,53,32893.71
306,ชาย,บุรีรัมย์,55,3220.48
307,หญิง,บุรีรัมย์,71,9554.05
308,หญิง,บุรีรัมย์,61,578943.54
309,หญิง,บุรีรัมย์,52,26979.65
310,หญิง,บุรีรัมย์,55,879207.99
311,หญิง,บุรีรัมย์,63,848.38
312,หญิง,บุรีรัมย์,62,6283.12
313,หญิง,บุรีรัมย์,50,152438.83
314,หญิง,บุรีรัมย์,49,57062.63
315,ชาย,บุรีรัมย์,53,4474.77
316,หญิง,บุรีรัมย์,72,19330.37
317,ชาย,บุรีรัมย์,69,13383.98
318,หญิง,บุรีรัมย์,55,2593.36
319,หญิง,บุรีรัมย์,64,55810.59
320,ชาย,บุรีรัมย์,46,5077.6
321,ชาย,บุรีรัมย์,69,684.46
322,ชาย,บุรีรัมย์,48,2381.94
323,ชาย,บุรีรัมย์,41,2119.55
324,หญิง,กาฬสินธุ์,82,2121.15
325,หญิง,บุรีรัมย์,71,2105.01
326,หญิง,ระยอง,60,2011.19
327,ชาย,บุรีรัมย์,75,3941.19
328,ชาย,บุรีรัมย์,60,2036.72
329,ชาย,บุรีรัมย์,60,7164.53
330,ชาย,บุรีรัมย์,64,28576.04
331,หญิง,บุรีรัมย์,65,29342.14
332,หญิง,บุรีรัมย์,53,4751.87
333,ชาย,บุรีรัมย์,51,226.93
334,หญิง,บุรีรัมย์,61,10059.31
335,หญิง,บุรีรัมย์,54,74998.6
336,หญิง,สมุทรปราการ,53,2628.05
337,หญิง,บุรีรัมย์,56,20532.09
338,หญิง,บุรีรัมย์,45,48048.13
339,หญิง,บุรีรัมย์,55,8091.08
340,หญิง,บุรีรัมย์,77,37.95
341,หญิง,บุรีรัมย์,70,2496.01
342,ชาย,บุรีรัมย์,53,1676.68
343,หญิง,บุรีรัมย์,54,13853.49
344,หญิง,นนทบุรี,52,156035.42
345,ชาย,บุรีรัมย์,58,13481.84
346,ชาย,บุรีรัมย์,74,10815.17
347,ชาย,บุรีรัมย์,61,12046.77
348,ชาย,บุรีรัมย์,60,3468.83
349,ชาย,บุรีรัมย์,54,59385.51
350,ชาย,บุรีรัมย์,54,8831.88
351,หญิง,บุรีรัมย์,64,14284.8
352,หญิง,บุรีรัมย์,47,12155.61
353,หญิง,บุรีรัมย์,85,2336.45
354,หญิง,บุรีรัมย์,57,4261
355,หญิง,บุรีรัมย์,51,13618.62
356,ชาย,บุรีรัมย์,45,2102.96
357,หญิง,บุรีรัมย์,57,73034.76
358,หญิง,บุรีรัมย์,56,23090.85
359,ชาย,บุรีรัมย์,49,2324.05
360,หญิง,บุรีรัมย์,72,110977.52
361,หญิง,บุรีรัมย์,51,8290.31
362,ชาย,บุรีรัมย์,58,6212.67
363,ชาย,กาฬสินธุ์,77,0
364,หญิง,บุรีรัมย์,48,2096.43
365,ชาย,บุรีรัมย์,66,11529.85
366,หญิง,บุรีรัมย์,77,0
367,หญิง,บุรีรัมย์,43,2587.95
368,ชาย,บุรีรัมย์,66,327.34
369,หญิง,บุรีรัมย์,54,10261.13
370,หญิง,บุรีรัมย์,50,12256.57
371,หญิง,บุรีรัมย์,50,2018.76
372,ชาย,บุรีรัมย์,65,34810.89
373,ชาย,บุรีรัมย์,48,177.64
374,หญิง,บุรีรัมย์,71,1285.45
375,หญิง,บุรีรัมย์,59,28793.13
376,หญิง,บุรีรัมย์,67,3036.66
377,ชาย,บุรีรัมย์,68,3094.16
378,ชาย,บุรีรัมย์,59,41817.88
379,ชาย,บุรีรัมย์,53,2967.45
380,ชาย,บุรีรัมย์,62,1453.22
381,ชาย,บุรีรัมย์,51,3973.19
382,หญิง,บุรีรัมย์,43,5914.58
383,หญิง,บุรีรัมย์,49,29658.82
384,ชาย,อุตรดิตถ์,47,4495.88
385,หญิง,บุรีรัมย์,61,21672.47
386,หญิง,บุรีรัมย์,65,0
387,หญิง,บุรีรัมย์,69,4023.87
388,หญิง,บุรีรัมย์,64,357.62
389,หญิง,บุรีรัมย์,59,20386.82
390,หญิง,บุรีรัมย์,59,27973.33
391,ชาย,กาฬสินธุ์,83,17347.97
392,หญิง,บุรีรัมย์,60,3982.37
393,หญิง,บุรีรัมย์,60,53105.26
394,ชาย,บุรีรัมย์,48,5801.89
395,ชาย,บุรีรัมย์,48,4008.42
396,หญิง,บุรีรัมย์,72,67538.38
397,หญิง,บุรีรัมย์,50,2034.45
398,ชาย,บุรีรัมย์,51,17445.57
399,หญิง,บุรีรัมย์,64,13438.3
400,หญิง,บุรีรัมย์,66,1.35
401,ชาย,บุรีรัมย์,50,1996.97
402,ชาย,บุรีรัมย์,58,6103.88
403,ชาย,บุรีรัมย์,64,26208.35
404,หญิง,บุรีรัมย์,59,22340.87
405,หญิง,บุรีรัมย์,57,256008.86
406,หญิง,บุรีรัมย์,64,17178.29
407,หญิง,บุรีรัมย์,73,17.12
408,หญิง,บุรีรัมย์,48,23197.96
409,หญิง,บุรีรัมย์,48,6079.31
410,หญิง,บุรีรัมย์,71,74.71
411,หญิง,บุรีรัมย์,50,33496.61
412,ชาย,บุรีรัมย์,57,25127.37
413,ชาย,บุรีรัมย์,75,17584.78
414,ชาย,บุรีรัมย์,56,465.18
415,ชาย,บุรีรัมย์,51,16044.79
416,หญิง,บุรีรัมย์,47,1991.54
417,หญิง,บุรีรัมย์,45,176.66
418,หญิง,บุรีรัมย์,51,1991.84
419,หญิง,บุรีรัมย์,51,138764.25
420,ชาย,บุรีรัมย์,47,5549.91
421,ชาย,บุรีรัมย์,52,22011.14
422,ชาย,บุรีรัมย์,51,3924.78
423,หญิง,บุรีรัมย์,55,1991.54
424,หญิง,บุรีรัมย์,68,600.85
425,หญิง,บุรีรัมย์,63,6572.83
426,หญิง,บุรีรัมย์,71,4326.59
427,หญิง,บุรีรัมย์,64,10354.67
428,ชาย,บุรีรัมย์,58,33337.86
429,ชาย,บุรีรัมย์,63,3910.46
430,ชาย,บุรีรัมย์,66,3906.98
431,หญิง,บุรีรัมย์,60,68.74
432,ชาย,บุรีรัมย์,76,4487.53
433,ชาย,บุรีรัมย์,48,1991.54
434,ชาย,บุรีรัมย์,57,2696.26
435,ชาย,บุรีรัมย์,62,49514.04
436,ชาย,บุรีรัมย์,67,3990.77
437,หญิง,บุรีรัมย์,73,21854.95
438,ชาย,บุรีรัมย์,63,30866.88
439,ชาย,บุรีรัมย์,62,70037.27
440,ชาย,บุรีรัมย์,64,2203.34
441,ชาย,บุรีรัมย์,54,1990.21
442,ชาย,บุรีรัมย์,69,1102.27
443,หญิง,บุรีรัมย์,49,21393.53
444,หญิง,บุรีรัมย์,63,221.88
445,หญิง,บุรีรัมย์,43,54.06
446,หญิง,บุรีรัมย์,73,79.02
447,หญิง,บุรีรัมย์,43,6927.64
448,ชาย,บุรีรัมย์,61,6199.32
449,ชาย,กาฬสินธุ์,79,0
450,ชาย,บุรีรัมย์,62,36935.35
451,ชาย,บุรีรัมย์,64,7180.16
452,ชาย,บุรีรัมย์,52,4871.95
453,หญิง,บุรีรัมย์,49,16302.82
454,หญิง,บุรีรัมย์,60,515.29
455,ชาย,บุรีรัมย์,57,7896.16
456,ชาย,บุรีรัมย์,55,39012.31
457,หญิง,บุรีรัมย์,54,45773.42
458,ชาย,บุรีรัมย์,51,29511.02
459,ชาย,บุรีรัมย์,60,44409.51
460,ชาย,บุรีรัมย์,54,12666.2
461,ชาย,บุรีรัมย์,51,0
462,หญิง,บุรีรัมย์,75,4557.39
463,ชาย,บุรีรัมย์,76,9435.68
464,หญิง,บุรีรัมย์,47,0
465,หญิง,บุรีรัมย์,46,2216.33
466,ชาย,บุรีรัมย์,52,0.84
467,ชาย,ร้อยเอ็ด,51,0
468,ชาย,บุรีรัมย์,67,553.14
469,หญิง,ไม่พบในฐานข้อมูล,77,1086.5
470,ชาย,บุรีรัมย์,48,12726.53
471,ชาย,บุรีรัมย์,56,3936.43
472,ชาย,บุรีรัมย์,53,29.84
473,หญิง,บุรีรัมย์,50,13573.8
474,หญิง,บุรีรัมย์,51,1642.84
475,ชาย,บุรีรัมย์,75,61247.73
476,หญิง,บุรีรัมย์,50,306649.46
477,ชาย,บุรีรัมย์,55,12823.98
478,ชาย,บุรีรัมย์,42,2479.14
479,ชาย,บุรีรัมย์,63,6205.87
480,หญิง,บุรีรัมย์,48,1979.14
481,หญิง,บุรีรัมย์,45,1979.14
482,หญิง,บุรีรัมย์,42,7532.9
483,ชาย,บุรีรัมย์,46,4140.33
484,หญิง,บุรีรัมย์,62,8878.05
485,ชาย,บุรีรัมย์,60,1979.76
486,หญิง,บุรีรัมย์,57,2309.92
487,หญิง,บุรีรัมย์,57,14288.95
488,หญิง,บุรีรัมย์,55,26892.38
489,ชาย,กาฬสินธุ์,90,902.39
490,ชาย,บุรีรัมย์,57,231.46
491,หญิง,บุรีรัมย์,53,0.57
492,หญิง,บุรีรัมย์,64,3080.24
493,หญิง,บุรีรัมย์,48,440485.53
494,ชาย,บุรีรัมย์,56,73079.1
495,หญิง,บุรีรัมย์,50,60650.43
496,หญิง,บุรีรัมย์,61,5151.91
497,หญิง,บุรีรัมย์,69,11513.87
498,หญิง,บุรีรัมย์,58,137.55
499,หญิง,บุรีรัมย์,64,0.33
500,หญิง,บุรีรัมย์,57,1048.73
501,หญิง,บุรีรัมย์,62,70089.23
502,ชาย,บุรีรัมย์,52,0
503,หญิง,บุรีรัมย์,43,11421.79
504,หญิง,บุรีรัมย์,67,24973.33
505,ชาย,บุรีรัมย์,47,1293.63
506,หญิง,บุรีรัมย์,49,8889.07
507,หญิง,บุรีรัมย์,53,1972.69
508,หญิง,บุรีรัมย์,41,3633.28
509,หญิง,บุรีรัมย์,64,1990.09
510,หญิง,บุรีรัมย์,53,4103.68
511,ชาย,บุรีรัมย์,69,33187.25
512,หญิง,บุรีรัมย์,41,2716.07
513,หญิง,บุรีรัมย์,51,592.79
514,หญิง,บุรีรัมย์,43,394.91
515,หญิง,บุรีรัมย์,59,9457.67
516,ชาย,บุรีรัมย์,52,27697.77
517,ชาย,บุรีรัมย์,55,2334.85
518,ชาย,บุรีรัมย์,56,1752.59
519,ชาย,บุรีรัมย์,50,2804.6
520,หญิง,บุรีรัมย์,39,37598.24
521,หญิง,บุรีรัมย์,63,23694.35
522,ชาย,บุรีรัมย์,56,12055.22
523,ชาย,บุรีรัมย์,46,763395.63
524,หญิง,บุรีรัมย์,50,23304.14
525,ชาย,บุรีรัมย์,65,19808.04
526,ชาย,บุรีรัมย์,52,2030.03
527,ชาย,บุรีรัมย์,48,2142.35
528,ชาย,ระยอง,52,2219.67
529,ชาย,บุรีรัมย์,48,183.57
530,ชาย,บุรีรัมย์,63,169144.27
531,ชาย,บุรีรัมย์,60,2658.95
532,ชาย,บุรีรัมย์,50,1906.63
533,หญิง,บุรีรัมย์,64,3840.82
534,หญิง,บุรีรัมย์,54,3863.85
535,ชาย,บุรีรัมย์,52,14353.22
536,ชาย,บุรีรัมย์,59,4381.72
537,ชาย,บุรีรัมย์,49,3315.37
538,หญิง,บุรีรัมย์,55,3105.6
539,หญิง,อุดรธานี,50,1983.43
540,ชาย,บุรีรัมย์,58,17217.36
541,ชาย,บุรีรัมย์,49,2198.24
542,ชาย,บุรีรัมย์,53,6.66
543,หญิง,บุรีรัมย์,50,15575.67
544,หญิง,บุรีรัมย์,57,1586.18
545,หญิง,บุรีรัมย์,68,2809.39
546,หญิง,ชัยภูมิ,52,3704.57
547,ชาย,นครราชสีมา,69,220.16
548,หญิง,บุรีรัมย์,67,1373.19
549,หญิง,บุรีรัมย์,56,29
550,หญิง,บุรีรัมย์,64,111745.18
551,หญิง,บุรีรัมย์,67,4003.81
552,หญิง,บุรีรัมย์,64,3217.34
553,ชาย,บุรีรัมย์,63,0
554,หญิง,บุรีรัมย์,59,226433.51
555,ชาย,บุรีรัมย์,69,2301.96
556,หญิง,บุรีรัมย์,59,5289.34
557,หญิง,บุรีรัมย์,50,38080.22
558,หญิง,บุรีรัมย์,49,175107.04
559,ชาย,บุรีรัมย์,66,10382.75
560,หญิง,บุรีรัมย์,61,56.77
561,หญิง,บุรีรัมย์,47,7721.22
562,หญิง,บุรีรัมย์,62,6127.6
563,หญิง,บุรีรัมย์,50,5311.09
564,ชาย,บุรีรัมย์,58,25174.88
565,ชาย,บุรีรัมย์,59,818
566,หญิง,บุรีรัมย์,47,37580.99
567,หญิง,นครนายก,47,127.51
568,ชาย,บุรีรัมย์,67,744.33
569,ชาย,บุรีรัมย์,60,12992.48
570,ชาย,บุรีรัมย์,57,3551.37
571,ชาย,บุรีรัมย์,55,97547.15
572,ชาย,บุรีรัมย์,80,15192.64
573,หญิง,บุรีรัมย์,48,501.19
574,หญิง,ร้อยเอ็ด,45,113649.64
575,ชาย,บุรีรัมย์,54,0
576,หญิง,บุรีรัมย์,55,224.27
577,หญิง,บุรีรัมย์,45,0
578,ชาย,บุรีรัมย์,61,39100.67
579,หญิง,บุรีรัมย์,61,3461.21
580,หญิง,บุรีรัมย์,67,14373.86
581,หญิง,บุรีรัมย์,62,18391.37
582,ชาย,บุรีรัมย์,168,604.79
583,หญิง,บุรีรัมย์,68,7553.07
584,หญิง,บุรีรัมย์,59,12217.6
585,ชาย,บุรีรัมย์,72,1020.81
586,ชาย,บุรีรัมย์,55,8026.78
587,ชาย,บุรีรัมย์,56,1601.85
588,ชาย,บุรีรัมย์,46,3150.61
589,หญิง,บุรีรัมย์,57,0.79
590,หญิง,บุรีรัมย์,48,213.88
591,ชาย,บุรีรัมย์,81,46546.07
592,หญิง,บุรีรัมย์,70,1874.61
593,หญิง,บุรีรัมย์,55,12145.61
594,ชาย,บุรีรัมย์,54,2872.65
595,หญิง,บุรีรัมย์,57,347131.16
596,ชาย,บุรีรัมย์,45,1574.17
597,หญิง,บุรีรัมย์,60,31001.64
598,หญิง,บุรีรัมย์,48,4874.85
599,ชาย,บุรีรัมย์,61,0
600,หญิง,บุรีรัมย์,52,556.84
601,ชาย,บุรีรัมย์,60,2394.76
602,หญิง,บุรีรัมย์,52,14893.4
603,หญิง,บุรีรัมย์,57,89093.44
604,หญิง,บุรีรัมย์,47,14384.87
605,หญิง,บุรีรัมย์,54,281.32
606,ชาย,บุรีรัมย์,68,63.67
607,หญิง,บุรีรัมย์,57,66611.27
608,หญิง,บุรีรัมย์,63,75.94
609,หญิง,บุรีรัมย์,53,519.04
610,หญิง,บุรีรัมย์,43,793.96
611,ชาย,กาฬสินธุ์,76,136.84
612,หญิง,บุรีรัมย์,87,511.8
613,หญิง,บุรีรัมย์,61,6844.86
614,หญิง,บุรีรัมย์,80,37133.82
615,หญิง,บุรีรัมย์,86,0
616,หญิง,บุรีรัมย์,64,586.49
617,ชาย,บุรีรัมย์,65,48523.96
618,ชาย,บุรีรัมย์,50,10185.64
619,ชาย,กาฬสินธุ์,83,1071.29
620,ชาย,บุรีรัมย์,65,18001.27
621,หญิง,บุรีรัมย์,63,6318.18
622,หญิง,บุรีรัมย์,56,30032.41
623,ชาย,บุรีรัมย์,42,235.78
624,ชาย,บุรีรัมย์,69,9499.76
625,ชาย,บุรีรัมย์,68,28199.09
626,ชาย,บุรีรัมย์,52,39848.32
627,ชาย,บุรีรัมย์,48,78737.54
628,หญิง,บุรีรัมย์,46,25259.02
629,หญิง,บุรีรัมย์,56,13535.21
630,หญิง,บุรีรัมย์,61,32654.63
631,ชาย,บุรีรัมย์,51,7374.41
632,ชาย,บุรีรัมย์,54,13157
633,หญิง,บุรีรัมย์,55,10017.64
634,หญิง,บุรีรัมย์,70,20543.5
635,หญิง,บุรีรัมย์,51,2480.71
636,หญิง,บุรีรัมย์,56,3758.59
637,หญิง,บุรีรัมย์,58,4857.36
638,ชาย,บุรีรัมย์,47,1878.2
639,หญิง,บุรีรัมย์,69,8878.69
640,ชาย,บุรีรัมย์,59,1882.6
641,หญิง,บุรีรัมย์,53,483098.9
642,หญิง,บุรีรัมย์,51,21814.1
643,ชาย,บุรีรัมย์,62,514.08
644,หญิง,บุรีรัมย์,57,77110.37
645,หญิง,บุรีรัมย์,52,38284.35
646,ชาย,บุรีรัมย์,67,3746.96
647,หญิง,พระนครศรีอยุธยา,52,506212.5
648,ชาย,บุรีรัมย์,56,2532.4
649,หญิง,บุรีรัมย์,66,41597.68
650,หญิง,บุรีรัมย์,53,94.19
651,หญิง,บุรีรัมย์,70,2791.18
652,ชาย,บุรีรัมย์,50,8882.55
653,หญิง,บุรีรัมย์,58,3603.51
654,หญิง,บุรีรัมย์,62,1953.97
655,หญิง,บุรีรัมย์,57,31968.26
656,หญิง,บุรีรัมย์,66,15077.51
657,ชาย,กาฬสินธุ์,79,22346.17
658,ชาย,บุรีรัมย์,47,1872.44
659,หญิง,บุรีรัมย์,57,1972.89
660,หญิง,บุรีรัมย์,60,1873.32
661,ชาย,บุรีรัมย์,70,2289.45
662,หญิง,บุรีรัมย์,52,2805.79
663,หญิง,บุรีรัมย์,45,51249.81
664,ชาย,บุรีรัมย์,48,0
665,ชาย,บุรีรัมย์,57,13624.29
666,หญิง,บุรีรัมย์,53,16547.48
667,ชาย,บุรีรัมย์,68,384.68
668,ชาย,บุรีรัมย์,55,8449.42
669,ชาย,บุรีรัมย์,71,2842.97
670,ชาย,บุรีรัมย์,57,1
671,ชาย,บุรีรัมย์,57,2825.79
672,ชาย,บุรีรัมย์,61,4843.05
673,ชาย,บุรีรัมย์,59,3348.68
674,ชาย,บุรีรัมย์,62,21996.65
675,ชาย,บุรีรัมย์,51,3893.08
676,ชาย,กาฬสินธุ์,84,39577.79
677,ชาย,บุรีรัมย์,54,1878.42
678,ชาย,บุรีรัมย์,65,3750.24
679,หญิง,บุรีรัมย์,52,16.89
680,หญิง,บุรีรัมย์,53,5977.05
681,หญิง,บุรีรัมย์,55,709130.87
682,หญิง,บุรีรัมย์,74,398.63
683,หญิง,บุรีรัมย์,60,18633.84
684,หญิง,บุรีรัมย์,44,1909.47
685,หญิง,บุรีรัมย์,57,633.02
686,หญิง,บุรีรัมย์,55,12200.48
687,ชาย,บุรีรัมย์,57,5170.82
688,ชาย,บุรีรัมย์,58,13498.92
689,หญิง,บุรีรัมย์,57,4901.92
690,ชาย,บุรีรัมย์,52,1010.09
691,หญิง,บุรีรัมย์,56,905004
692,หญิง,บุรีรัมย์,47,9486.48
693,หญิง,บุรีรัมย์,68,3016.13
694,ชาย,บุรีรัมย์,44,0
695,ชาย,บุรีรัมย์,47,732.12
696,หญิง,บุรีรัมย์,45,215.36
697,หญิง,บุรีรัมย์,50,380000.12
698,หญิง,บุรีรัมย์,59,387008.23
699,หญิง,บุรีรัมย์,52,10.25
700,ชาย,บุรีรัมย์,57,7710.98
701,หญิง,บุรีรัมย์,55,1923.11
702,หญิง,บุรีรัมย์,66,5077.48
703,หญิง,บุรีรัมย์,53,1921.96
704,หญิง,บุรีรัมย์,53,1974.13
705,หญิง,บุรีรัมย์,54,2420.18
706,ชาย,บุรีรัมย์,51,1951.07
707,หญิง,บุรีรัมย์,45,26178.63
708,ชาย,บุรีรัมย์,60,6258.32
709,ชาย,บุรีรัมย์,54,2014.49
710,หญิง,บุรีรัมย์,70,5995.92
711,หญิง,บุรีรัมย์,49,70499.81
712,หญิง,บุรีรัมย์,46,44375.6
713,ชาย,บุรีรัมย์,53,1667.25
714,หญิง,บุรีรัมย์,46,69636.31
715,หญิง,บุรีรัมย์,57,26597.6
716,หญิง,บุรีรัมย์,60,65100
717,หญิง,บุรีรัมย์,65,2558.29
718,ชาย,บุรีรัมย์,56,0
719,หญิง,บุรีรัมย์,45,8042.72
720,หญิง,หนองบัวลำภู,39,2852.79
721,หญิง,บุรีรัมย์,57,2410.11
722,ชาย,บุรีรัมย์,40,300.62
723,หญิง,บุรีรัมย์,40,2022.93
724,หญิง,ศรีสะเกษ,38,0.98
725,ชาย,บุรีรัมย์,42,45.95
726,ชาย,บุรีรัมย์,44,94.57
727,ชาย,บุรีรัมย์,53,1858.77
728,ชาย,บุรีรัมย์,73,12.53
729,หญิง,บุรีรัมย์,68,1154.75
730,หญิง,บุรีรัมย์,67,28466.23
731,ชาย,บุรีรัมย์,60,6076.15
732,หญิง,บุรีรัมย์,68,115942.08
733,หญิง,บุรีรัมย์,51,0
734,หญิง,บุรีรัมย์,44,598.89
735,ชาย,บุรีรัมย์,51,92853.33
736,ชาย,บุรีรัมย์,64,12661.16
737,หญิง,บุรีรัมย์,48,93795.58
738,หญิง,บุรีรัมย์,59,477.94
739,หญิง,บุรีรัมย์,41,96.01
740,หญิง,บุรีรัมย์,64,3254.41
741,หญิง,บุรีรัมย์,66,872.82
742,หญิง,ปทุมธานี,69,59.04
743,หญิง,บุรีรัมย์,48,591.24
744,หญิง,บุรีรัมย์,66,13330.63
745,ชาย,บุรีรัมย์,68,2687.73
746,หญิง,บุรีรัมย์,43,2107.65
747,หญิง,บุรีรัมย์,65,1234.69
748,หญิง,บุรีรัมย์,56,3951.18
749,ชาย,บุรีรัมย์,46,0
750,ชาย,บุรีรัมย์,53,159.18
751,หญิง,บุรีรัมย์,56,3320.43
752,หญิง,บุรีรัมย์,50,0
753,หญิง,บุรีรัมย์,56,8790.09
754,หญิง,บุรีรัมย์,36,4175.38
755,หญิง,บุรีรัมย์,64,9051.5
756,หญิง,บุรีรัมย์,55,3478.38
757,ชาย,บุรีรัมย์,67,1478.25
758,ชาย,บุรีรัมย์,50,521.96
759,หญิง,บุรีรัมย์,71,2246.63
760,หญิง,บุรีรัมย์,52,6930.36
761,หญิง,บุรีรัมย์,77,139591.59
762,หญิง,บุรีรัมย์,41,52767.7
763,หญิง,บุรีรัมย์,73,15439.42
764,ชาย,บุรีรัมย์,40,28.27
765,หญิง,บุรีรัมย์,52,462.5
766,ชาย,บุรีรัมย์,39,74.12
767,หญิง,บุรีรัมย์,59,88.01
768,หญิง,บุรีรัมย์,64,2254.26
769,หญิง,บุรีรัมย์,67,15998.22
770,หญิง,บุรีรัมย์,53,0.6
771,ชาย,บุรีรัมย์,58,188.87
772,หญิง,บุรีรัมย์,73,3.97
773,ชาย,บุรีรัมย์,63,8908.28
774,หญิง,บุรีรัมย์,59,42.71
775,ชาย,บุรีรัมย์,61,686.87
776,ชาย,บุรีรัมย์,57,4609.85
777,ชาย,บุรีรัมย์,54,23507.4
778,ชาย,บุรีรัมย์,60,1847.19
779,ชาย,บุรีรัมย์,53,15011.22
780,ชาย,บุรีรัมย์,58,0
781,หญิง,บุรีรัมย์,53,1876.74
782,หญิง,บุรีรัมย์,51,38072.15
783,หญิง,บุรีรัมย์,61,67624.07
784,หญิง,บุรีรัมย์,74,8445.25
785,หญิง,บุรีรัมย์,61,3010.17
786,หญิง,บุรีรัมย์,57,461038.08
787,ชาย,บุรีรัมย์,63,15142.79
788,ชาย,กาฬสินธุ์,101,161.12
789,หญิง,บุรีรัมย์,54,633.56
790,หญิง,บุรีรัมย์,49,37671.85
791,หญิง,บุรีรัมย์,59,279.79
792,ชาย,บุรีรัมย์,46,280.01
793,หญิง,บุรีรัมย์,47,3659.87
794,ชาย,บุรีรัมย์,53,10991.6
795,หญิง,บุรีรัมย์,49,7799.7
796,หญิง,กรุงเทพมหานคร,57,6131.91
797,หญิง,บุรีรัมย์,58,1923.16
798,หญิง,บุรีรัมย์,54,26857.58
799,ชาย,บุรีรัมย์,67,6037.19
800,หญิง,บุรีรัมย์,65,4104.34
801,หญิง,ฉะเชิงเทรา,50,5668.13
802,หญิง,บุรีรัมย์,45,33159.35
803,หญิง,บุรีรัมย์,56,5482.82
804,หญิง,บุรีรัมย์,64,7900.35
805,หญิง,บุรีรัมย์,49,6365.53
806,ชาย,กาฬสินธุ์,86,1480.43
807,หญิง,บุรีรัมย์,48,4119.95
808,ชาย,บุรีรัมย์,56,16944.95
809,ชาย,บุรีรัมย์,44,23089.18
810,หญิง,บุรีรัมย์,48,33479.88
811,หญิง,บุรีรัมย์,52,6459.03
812,หญิง,บุรีรัมย์,52,5123.51
813,หญิง,บุรีรัมย์,55,4249.82
814,หญิง,บุรีรัมย์,64,2570.21
815,หญิง,บุรีรัมย์,49,2529.3
816,ชาย,บุรีรัมย์,59,4956.68
817,หญิง,บุรีรัมย์,47,13508.52
818,หญิง,บุรีรัมย์,51,1892.07
819,หญิง,บุรีรัมย์,48,6702.3
820,หญิง,บุรีรัมย์,50,10130.87
821,หญิง,บุรีรัมย์,54,23861.7
822,หญิง,บุรีรัมย์,62,517.36
823,หญิง,บุรีรัมย์,67,12897.3
824,ชาย,บุรีรัมย์,62,18536.94
825,ชาย,บุรีรัมย์,72,103357.24
826,ชาย,กาฬสินธุ์,80,0
827,ชาย,บุรีรัมย์,73,500.88
828,ชาย,บุรีรัมย์,58,0
829,ชาย,บุรีรัมย์,66,5.42
830,หญิง,บุรีรัมย์,62,682.13
831,ชาย,บุรีรัมย์,70,771.08
832,ชาย,บุรีรัมย์,59,3599.4
833,ชาย,บุรีรัมย์,66,23982.29
834,หญิง,บุรีรัมย์,67,143521.19
835,ชาย,บุรีรัมย์,46,19184.93
836,ชาย,บุรีรัมย์,43,2535.19
837,หญิง,บุรีรัมย์,42,1834.17
838,ชาย,บุรีรัมย์,61,15860.69
839,หญิง,บุรีรัมย์,47,9715.16
840,ชาย,บุรีรัมย์,48,1824.56
841,หญิง,บุรีรัมย์,59,1919.33
842,หญิง,บุรีรัมย์,51,5315.29
843,หญิง,บุรีรัมย์,63,17293.91
844,หญิง,บุรีรัมย์,50,1848.21
845,หญิง,บุรีรัมย์,42,3838.18
846,หญิง,บุรีรัมย์,57,0.18
847,หญิง,บุรีรัมย์,55,68528.11
848,หญิง,นครปฐม,60,55527.96
849,ชาย,บุรีรัมย์,46,8813.84
850,หญิง,บุรีรัมย์,52,243.24
851,หญิง,บุรีรัมย์,65,24561.72
852,หญิง,บุรีรัมย์,56,106.52
853,หญิง,บุรีรัมย์,55,36497.14
854,หญิง,บุรีรัมย์,53,16.01
855,หญิง,บุรีรัมย์,67,8607.52
856,หญิง,บุรีรัมย์,60,13232.41
857,ชาย,กาฬสินธุ์,86,0
858,หญิง,บุรีรัมย์,68,986.18
859,หญิง,บุรีรัมย์,58,3045.44
860,หญิง,บุรีรัมย์,52,6615.03
861,หญิง,บุรีรัมย์,65,103801
862,หญิง,บุรีรัมย์,64,1522.14
863,ชาย,บุรีรัมย์,63,41.97
864,หญิง,บุรีรัมย์,48,2953.17
865,ชาย,บุรีรัมย์,67,1831.92
866,หญิง,บุรีรัมย์,53,1871.11
867,ชาย,บุรีรัมย์,56,88.71
868,หญิง,บุรีรัมย์,59,2262.12
869,หญิง,บุรีรัมย์,69,2969.05
870,หญิง,บุรีรัมย์,61,1826
871,หญิง,บุรีรัมย์,54,111.9
872,หญิง,บุรีรัมย์,61,25399.16
873,ชาย,บุรีรัมย์,50,2305.63
874,ชาย,บุรีรัมย์,53,6458.43
875,หญิง,บุรีรัมย์,63,50666.51
876,ชาย,บุรีรัมย์,46,12844.78
877,หญิง,บุรีรัมย์,39,1869.48
878,หญิง,บุรีรัมย์,56,10949.72
879,หญิง,บุรีรัมย์,42,63.94
880,ชาย,บุรีรัมย์,54,23013.48
881,ชาย,บุรีรัมย์,55,26170.97
882,หญิง,บุรีรัมย์,51,25335.69
883,หญิง,บุรีรัมย์,65,128817.48
884,หญิง,บุรีรัมย์,57,12322.76
885,ชาย,บุรีรัมย์,46,2102.05
886,ชาย,บุรีรัมย์,53,8638.17
887,หญิง,บุรีรัมย์,38,52002.49
888,หญิง,บุรีรัมย์,44,2629.53
889,หญิง,บุรีรัมย์,53,25495.46
890,หญิง,บุรีรัมย์,42,64726.4
891,ชาย,บุรีรัมย์,61,111.91
892,หญิง,บุรีรัมย์,66,0.83
893,หญิง,บุรีรัมย์,43,3586
894,ชาย,บุรีรัมย์,47,4817.75
895,ชาย,บุรีรัมย์,42,5252.21
896,ชาย,บุรีรัมย์,51,1240.81
897,ชาย,กาฬสินธุ์,91,15949.9
898,หญิง,บุรีรัมย์,60,1003.28
899,หญิง,บุรีรัมย์,52,3661.98
900,หญิง,บุรีรัมย์,52,0
901,ชาย,บุรีรัมย์,45,7.74
902,ชาย,บุรีรัมย์,55,262.53
903,หญิง,บุรีรัมย์,44,69.42
904,หญิง,บุรีรัมย์,62,31.94
905,หญิง,บุรีรัมย์,40,3860.3
906,หญิง,บุรีรัมย์,52,540987.34
907,หญิง,บุรีรัมย์,51,898.31
908,หญิง,บุรีรัมย์,40,0
909,ชาย,บุรีรัมย์,40,11206.18
910,ชาย,บุรีรัมย์,53,23236.69
911,หญิง,บุรีรัมย์,81,6365.88
912,หญิง,บุรีรัมย์,77,2.43
913,หญิง,บุรีรัมย์,72,3267.43
914,ชาย,บุรีรัมย์,59,8930.72
915,หญิง,บุรีรัมย์,52,9193.83
916,ชาย,บุรีรัมย์,44,1777.93
917,ชาย,บุรีรัมย์,48,3509.53
918,ชาย,บุรีรัมย์,46,8852.16
919,หญิง,บุรีรัมย์,48,1888.76
920,หญิง,กรุงเทพมหานคร,77,43360.85
921,หญิง,บุรีรัมย์,53,7520.66
922,หญิง,บุรีรัมย์,47,5185.7
923,หญิง,บุรีรัมย์,36,5167.54
924,หญิง,บุรีรัมย์,37,5182.85
925,หญิง,บุรีรัมย์,52,3543.96
926,ชาย,บุรีรัมย์,73,1611.59
927,หญิง,บุรีรัมย์,55,54214.61
928,หญิง,บุรีรัมย์,61,33275.59
929,ชาย,บุรีรัมย์,52,5186.82
930,ชาย,บุรีรัมย์,56,9568.67
931,ชาย,กาฬสินธุ์,81,165827.09
932,ชาย,บุรีรัมย์,51,13108.39
933,หญิง,บุรีรัมย์,61,3960.33
934,หญิง,บุรีรัมย์,55,32120.79
935,หญิง,บุรีรัมย์,45,22423.16
936,ชาย,บุรีรัมย์,52,2361.39
937,ชาย,บุรีรัมย์,38,2247.08
938,หญิง,บุรีรัมย์,44,3606.95
939,หญิง,บุรีรัมย์,55,7425.32
940,หญิง,บุรีรัมย์,34,1780.2
941,ชาย,บุรีรัมย์,55,3674.36
942,หญิง,บุรีรัมย์,63,43447.64
943,ชาย,บุรีรัมย์,65,14511.57
944,หญิง,บุรีรัมย์,41,4461.1
945,หญิง,บุรีรัมย์,68,56567.99
946,หญิง,บุรีรัมย์,46,140.25
947,หญิง,บุรีรัมย์,59,878.84
948,หญิง,บุรีรัมย์,56,1974.74
949,หญิง,บุรีรัมย์,56,25395.03
950,หญิง,บุรีรัมย์,51,3846.44
951,ชาย,บุรีรัมย์,51,4232.88
952,ชาย,บุรีรัมย์,64,6947.12
953,ชาย,บุรีรัมย์,57,7264.98
954,ชาย,บุรีรัมย์,63,5608.01
955,หญิง,บุรีรัมย์,61,200.41
956,หญิง,บุรีรัมย์,62,5550.06
957,ชาย,บุรีรัมย์,45,5012.98
958,ชาย,บุรีรัมย์,49,5566.48
959,ชาย,บุรีรัมย์,53,19227.41
960,หญิง,บุรีรัมย์,41,5226.2
961,หญิง,บุรีรัมย์,59,4948.26
962,หญิง,บุรีรัมย์,41,1200.62
963,หญิง,บุรีรัมย์,61,2593.92
964,หญิง,บุรีรัมย์,58,13.6
965,หญิง,บุรีรัมย์,46,1984.32
966,หญิง,บุรีรัมย์,61,76.66
967,หญิง,บุรีรัมย์,45,488.55
968,หญิง,บุรีรัมย์,70,1471.98
969,หญิง,บุรีรัมย์,52,10002.23
970,หญิง,บุรีรัมย์,62,219841.93
971,ชาย,บุรีรัมย์,49,17038.82
972,หญิง,บุรีรัมย์,51,1996.75
973,หญิง,สุรินทร์,50,10.79
974,หญิง,บุรีรัมย์,48,1874.54
975,หญิง,บุรีรัมย์,48,1781.9
976,หญิง,บุรีรัมย์,44,7862.89
977,หญิง,บุรีรัมย์,44,2275.21
978,ชาย,บุรีรัมย์,57,953.81
979,ชาย,บุรีรัมย์,55,11.9
980,ชาย,บุรีรัมย์,53,490.97
981,ชาย,บุรีรัมย์,53,607.62
982,ชาย,บุรีรัมย์,47,1346.19
983,หญิง,บุรีรัมย์,54,0
984,หญิง,บุรีรัมย์,54,163409.69
985,ชาย,บุรีรัมย์,39,2229.5
986,หญิง,บุรีรัมย์,46,13.37
987,หญิง,บุรีรัมย์,43,43809.96
988,ชาย,บุรีรัมย์,44,29641.33
989,หญิง,บุรีรัมย์,62,69.75
990,หญิง,เพชรบูรณ์,56,36278.53
991,หญิง,บุรีรัมย์,58,3301.72
992,หญิง,บุรีรัมย์,63,22519.57
993,หญิง,บุรีรัมย์,65,36.74
994,หญิง,บุรีรัมย์,57,359574.41
995,หญิง,บุรีรัมย์,48,27016.35
996,ชาย,บุรีรัมย์,51,16170.78
997,ชาย,บุรีรัมย์,43,6742.55
998,ชาย,บุรีรัมย์,50,4020.1
999,หญิง,บุรีรัมย์,63,6484.17
1000,หญิง,บุรีรัมย์,48,8354.47
